﻿<?xml version="1.0" encoding="utf-8" ?>
<routingscheme>

  <interface>
    <IpAdress>192.168.0.118</IpAdress>
    <port>9999</port>
  </interface>
  <interface>
    <IpAdress>192.168.0.118</IpAdress>
    <port>9998</port>
  </interface>
  <interface>
    <IpAdress>192.168.0.118</IpAdress>
    <port>9997</port>
  </interface>
  <interface>
    <IpAdress>192.168.0.118</IpAdress>
    <port>9996</port>
  </interface>
  <interface>
    <IpAdress>192.168.0.118</IpAdress>
    <port>9995</port>
  </interface>
  
</routingscheme>